BuildingIndex,Year,Month,Day,Hour,Quarter,P1(Humidity),P2(WindSpeed),P3(Temp),P4(CloudCover),P5(Rain),P6(SolarIrradiation),Generation
1,2019,2,11,0,0,32,2.1,2.6,4,0,0,0
1,2019,2,11,0,1,27,3.5,1.4,4,0,0,0
1,2019,2,11,0,2,27,3.5,1.4,4,0,0,0
1,2019,2,11,0,3,27,3.5,1.4,4,0,0,0
1,2019,2,11,1,0,27,3.5,1.4,4,0,0,0
1,2019,2,11,1,1,31,3.4,0.8,4,0,0,0
1,2019,2,11,1,2,31,3.4,0.8,4,0,0,0
1,2019,2,11,1,3,31,3.4,0.8,4,0,0,0
1,2019,2,11,2,0,31,3.4,0.8,4,0,0,0
1,2019,2,11,2,1,34,4.2,0.2,1,0,0,0
1,2019,2,11,2,2,34,4.2,0.2,1,0,0,0
1,2019,2,11,2,3,34,4.2,0.2,1,0,0,0
1,2019,2,11,3,0,34,4.2,0.2,1,0,0,0
1,2019,2,11,3,1,37,3.1,-0.5,1,0,0,0
1,2019,2,11,3,2,37,3.1,-0.5,1,0,0,0
1,2019,2,11,3,3,37,3.1,-0.5,1,0,0,0
1,2019,2,11,4,0,37,3.1,-0.5,1,0,0,0
1,2019,2,11,4,1,33,3.4,-1.2,2,0,0,0
1,2019,2,11,4,2,33,3.4,-1.2,2,0,0,0
1,2019,2,11,4,3,33,3.4,-1.2,2,0,0,0
1,2019,2,11,5,0,33,3.4,-1.2,2,0,0,0
1,2019,2,11,5,1,29,4.6,-1.8,1,0,0,0
1,2019,2,11,5,2,29,4.6,-1.8,1,0,0,0
1,2019,2,11,5,3,29,4.6,-1.8,1,0,0,0
1,2019,2,11,6,0,29,4.6,-1.8,1,0,0,0
1,2019,2,11,6,1,30,3.6,-2.7,1,0,0,0
1,2019,2,11,6,2,30,3.6,-2.7,1,0,0,0
1,2019,2,11,6,3,30,3.6,-2.7,1,0,0,0
1,2019,2,11,7,0,30,3.6,-2.7,1,0,0,0
1,2019,2,11,7,1,30,3.6,-2.7,1,0,0,0.4
1,2019,2,11,7,2,30,3.6,-2.7,1,0,0,0
1,2019,2,11,7,3,30,3.6,-2.7,1,0,0,0.8
1,2019,2,11,8,0,30,3.6,-2.7,1,0,0,2
1,2019,2,11,8,1,35,4.9,-2,1,0,0.61,3.2
1,2019,2,11,8,2,35,4.9,-2,1,0,0.61,4.8
1,2019,2,11,8,3,35,4.9,-2,1,0,0.61,6
1,2019,2,11,9,0,35,4.9,-2,1,0,0.61,7.2
1,2019,2,11,9,1,27,5.8,-1.3,1,0,1.28,8.8
1,2019,2,11,9,2,27,5.8,-1.3,1,0,1.28,9.6
1,2019,2,11,9,3,27,5.8,-1.3,1,0,1.28,10.8
1,2019,2,11,10,0,27,5.8,-1.3,1,0,1.28,12
1,2019,2,11,10,1,27,5.6,0.2,1,0,1.86,12.8
1,2019,2,11,10,2,27,5.6,0.2,1,0,1.86,14
1,2019,2,11,10,3,27,5.6,0.2,1,0,1.86,14.8
1,2019,2,11,11,0,27,5.6,0.2,1,0,1.86,15.2
1,2019,2,11,11,1,24,5.9,1.1,1,0,2.27,15.6
1,2019,2,11,11,2,24,5.9,1.1,1,0,2.27,16
1,2019,2,11,11,3,24,5.9,1.1,1,0,2.27,16.8
1,2019,2,11,12,0,24,5.9,1.1,1,0,2.27,16.8
1,2019,2,11,12,1,21,4.3,3.5,1,0,2.45,17.6
1,2019,2,11,12,2,21,4.3,3.5,1,0,2.45,17.6
1,2019,2,11,12,3,21,4.3,3.5,1,0,2.45,18.4
1,2019,2,11,13,0,21,4.3,3.5,1,0,2.45,17.6
1,2019,2,11,13,1,20,4.8,3.5,1,0,2.39,17.6
1,2019,2,11,13,2,20,4.8,3.5,1,0,2.39,16.8
1,2019,2,11,13,3,20,4.8,3.5,1,0,2.39,16.4
1,2019,2,11,14,0,20,4.8,3.5,1,0,2.39,15.6
1,2019,2,11,14,1,19,4.8,3.4,1,0,2.04,14.8
1,2019,2,11,14,2,19,4.8,3.4,1,0,2.04,14.4
1,2019,2,11,14,3,19,4.8,3.4,1,0,2.04,14
1,2019,2,11,15,0,19,4.8,3.4,1,0,2.04,12.4
1,2019,2,11,15,1,20,4.1,4.5,1,0,1.5,12
1,2019,2,11,15,2,20,4.1,4.5,1,0,1.5,10.8
1,2019,2,11,15,3,20,4.1,4.5,1,0,1.5,9.6
1,2019,2,11,16,0,20,4.1,4.5,1,0,1.5,8.4
1,2019,2,11,16,1,22,4.3,3.8,1,0,0.85,7.2
1,2019,2,11,16,2,22,4.3,3.8,1,0,0.85,5.6
1,2019,2,11,16,3,22,4.3,3.8,1,0,0.85,4
1,2019,2,11,17,0,22,4.3,3.8,1,0,0.85,3.2
1,2019,2,11,17,1,24,3.6,3,1,0,0.18,1.6
1,2019,2,11,17,2,24,3.6,3,1,0,0.18,0.8
1,2019,2,11,17,3,24,3.6,3,1,0,0.18,0.4
1,2019,2,11,18,0,24,3.6,3,1,0,0.18,0
1,2019,2,11,18,1,26,3.1,2.5,2,0,0,0
1,2019,2,11,18,2,26,3.1,2.5,2,0,0,0
1,2019,2,11,18,3,26,3.1,2.5,2,0,0,0
1,2019,2,11,19,0,26,3.1,2.5,2,0,0,0
1,2019,2,11,19,1,27,2.4,1.8,2,0,0,0
1,2019,2,11,19,2,27,2.4,1.8,2,0,0,0
1,2019,2,11,19,3,27,2.4,1.8,2,0,0,0
1,2019,2,11,20,0,27,2.4,1.8,2,0,0,0
1,2019,2,11,20,1,29,1.1,0.9,2,0,0,0
1,2019,2,11,20,2,29,1.1,0.9,2,0,0,0
1,2019,2,11,20,3,29,1.1,0.9,2,0,0,0
1,2019,2,11,21,0,29,1.1,0.9,2,0,0,0
1,2019,2,11,21,1,30,0.7,0.9,3,0,0,0
1,2019,2,11,21,2,30,0.7,0.9,3,0,0,0
1,2019,2,11,21,3,30,0.7,0.9,3,0,0,0
1,2019,2,11,22,0,30,0.7,0.9,3,0,0,0
1,2019,2,11,22,1,29,0.9,-0.2,1,0,0,0
1,2019,2,11,22,2,29,0.9,-0.2,1,0,0,0
1,2019,2,11,22,3,29,0.9,-0.2,1,0,0,0
1,2019,2,11,23,0,29,0.9,-0.2,1,0,0,0
1,2019,2,11,23,1,29,0.9,-0.2,1,0,0,0
1,2019,2,11,23,2,29,0.9,-0.2,1,0,0,0
1,2019,2,11,23,3,29,0.9,-0.2,1,0,0,0
1,2019,2,12,0,0,29,0.9,-0.2,1,0,0,0
1,2019,2,12,0,1,29,2.2,-0.7,1,0,0,0
1,2019,2,12,0,2,29,2.2,-0.7,1,0,0,0
1,2019,2,12,0,3,29,2.2,-0.7,1,0,0,0
1,2019,2,12,1,0,29,2.2,-0.7,1,0,0,0
1,2019,2,12,1,1,33,1.3,-2,1,0,0,0
1,2019,2,12,1,2,33,1.3,-2,1,0,0,0
1,2019,2,12,1,3,33,1.3,-2,1,0,0,0
1,2019,2,12,2,0,33,1.3,-2,1,0,0,0
1,2019,2,12,2,1,44,0.4,-3.3,1,0,0,0
1,2019,2,12,2,2,44,0.4,-3.3,1,0,0,0
1,2019,2,12,2,3,44,0.4,-3.3,1,0,0,0
1,2019,2,12,3,0,44,0.4,-3.3,1,0,0,0
1,2019,2,12,3,1,43,0.5,-3.6,1,0,0,0
1,2019,2,12,3,2,43,0.5,-3.6,1,0,0,0
1,2019,2,12,3,3,43,0.5,-3.6,1,0,0,0
1,2019,2,12,4,0,43,0.5,-3.6,1,0,0,0
1,2019,2,12,4,1,45,1,-3.7,1,0,0,0
1,2019,2,12,4,2,45,1,-3.7,1,0,0,0
1,2019,2,12,4,3,45,1,-3.7,1,0,0,0
1,2019,2,12,5,0,45,1,-3.7,1,0,0,0
1,2019,2,12,5,1,42,0.2,-3.2,1,0,0,0
1,2019,2,12,5,2,42,0.2,-3.2,1,0,0,0
1,2019,2,12,5,3,42,0.2,-3.2,1,0,0,0
1,2019,2,12,6,0,42,0.2,-3.2,1,0,0,0
1,2019,2,12,6,1,49,0.7,-4.5,1,0,0,0
1,2019,2,12,6,2,49,0.7,-4.5,1,0,0,0
1,2019,2,12,6,3,49,0.7,-4.5,1,0,0,0
1,2019,2,12,7,0,49,0.7,-4.5,1,0,0,0
1,2019,2,12,7,1,49,0.4,-3.8,1,0,0.05,0
1,2019,2,12,7,2,49,0.4,-3.8,1,0,0.05,0.4
1,2019,2,12,7,3,49,0.4,-3.8,1,0,0.05,0.8
1,2019,2,12,8,0,49,0.4,-3.8,1,0,0.05,1.6
1,2019,2,12,8,1,44,0.3,-1.5,1,0,0.53,2.8
1,2019,2,12,8,2,44,0.3,-1.5,1,0,0.53,3.6
1,2019,2,12,8,3,44,0.3,-1.5,1,0,0.53,4.8
1,2019,2,12,9,0,44,0.3,-1.5,1,0,0.53,6.4
1,2019,2,12,9,1,38,0.9,0.4,2,0,1.07,7.2
1,2019,2,12,9,2,38,0.9,0.4,2,0,1.07,8.8
1,2019,2,12,9,3,38,0.9,0.4,2,0,1.07,6
1,2019,2,12,10,0,38,0.9,0.4,2,0,1.07,9.2
1,2019,2,12,10,1,37,1.9,2.6,1,0,1.65,10.8
1,2019,2,12,10,2,37,1.9,2.6,1,0,1.65,12
1,2019,2,12,10,3,37,1.9,2.6,1,0,1.65,12.8
1,2019,2,12,11,0,37,1.9,2.6,1,0,1.65,13.6
1,2019,2,12,11,1,34,2.8,3.5,1,0,2.08,14.4
1,2019,2,12,11,2,34,2.8,3.5,1,0,2.08,14.4
1,2019,2,12,11,3,34,2.8,3.5,1,0,2.08,14.4
1,2019,2,12,12,0,34,2.8,3.5,1,0,2.08,15.2
1,2019,2,12,12,1,33,2.1,4.3,1,0,2.3,15.6
1,2019,2,12,12,2,33,2.1,4.3,1,0,2.3,16
1,2019,2,12,12,3,33,2.1,4.3,1,0,2.3,16
1,2019,2,12,13,0,33,2.1,4.3,1,0,2.3,16
1,2019,2,12,13,1,29,3.4,5.4,1,0,2.21,15.6
1,2019,2,12,13,2,29,3.4,5.4,1,0,2.21,15.6
1,2019,2,12,13,3,29,3.4,5.4,1,0,2.21,15.2
1,2019,2,12,14,0,29,3.4,5.4,1,0,2.21,14
1,2019,2,12,14,1,27,3.6,6.2,1,0,1.92,13.6
1,2019,2,12,14,2,27,3.6,6.2,1,0,1.92,12.8
1,2019,2,12,14,3,27,3.6,6.2,1,0,1.92,12.4
1,2019,2,12,15,0,27,3.6,6.2,1,0,1.92,10.8
1,2019,2,12,15,1,28,2.4,5.4,2,0,1.25,10.8
1,2019,2,12,15,2,28,2.4,5.4,2,0,1.25,7.6
1,2019,2,12,15,3,28,2.4,5.4,2,0,1.25,4.4
1,2019,2,12,16,0,28,2.4,5.4,2,0,1.25,4.4
1,2019,2,12,16,1,28,2.1,5.3,3,0,0.63,5.2
1,2019,2,12,16,2,28,2.1,5.3,3,0,0.63,4
1,2019,2,12,16,3,28,2.1,5.3,3,0,0.63,2.4
1,2019,2,12,17,0,28,2.1,5.3,3,0,0.63,1.6
1,2019,2,12,17,1,31,1.7,4.6,3,0,0.15,1.2
1,2019,2,12,17,2,31,1.7,4.6,3,0,0.15,0.4
1,2019,2,12,17,3,31,1.7,4.6,3,0,0.15,0
1,2019,2,12,18,0,31,1.7,4.6,3,0,0.15,0
1,2019,2,12,18,1,33,1.4,4.3,3,0,0,0
1,2019,2,12,18,2,33,1.4,4.3,3,0,0,0
1,2019,2,12,18,3,33,1.4,4.3,3,0,0,0
1,2019,2,12,19,0,33,1.4,4.3,3,0,0,0
1,2019,2,12,19,1,37,0.9,3.3,4,0,0,0
1,2019,2,12,19,2,37,0.9,3.3,4,0,0,0
1,2019,2,12,19,3,37,0.9,3.3,4,0,0,0
1,2019,2,12,20,0,37,0.9,3.3,4,0,0,0
1,2019,2,12,20,1,38,1.4,3.1,3,0,0,0
1,2019,2,12,20,2,38,1.4,3.1,3,0,0,0
1,2019,2,12,20,3,38,1.4,3.1,3,0,0,0
1,2019,2,12,21,0,38,1.4,3.1,3,0,0,0
1,2019,2,12,21,1,39,0.8,3,4,0,0,0
1,2019,2,12,21,2,39,0.8,3,4,0,0,0
1,2019,2,12,21,3,39,0.8,3,4,0,0,0
1,2019,2,12,22,0,39,0.8,3,4,0,0,0
1,2019,2,12,22,1,51,0.6,2,4,0,0,0
1,2019,2,12,22,2,51,0.6,2,4,0,0,0
1,2019,2,12,22,3,51,0.6,2,4,0,0,0
1,2019,2,12,23,0,51,0.6,2,4,0,0,0
1,2019,2,12,23,1,51,0.6,2,4,0,0,0
1,2019,2,12,23,2,51,0.6,2,4,0,0,0
1,2019,2,12,23,3,51,0.6,2,4,0,0,0
1,2019,2,13,0,0,51,0.6,2,4,0,0,0
1,2019,2,13,0,1,36,3.2,3,4,0,0,0
1,2019,2,13,0,2,36,3.2,3,4,0,0,0
1,2019,2,13,0,3,36,3.2,3,4,0,0,0
1,2019,2,13,1,0,36,3.2,3,4,0,0,0
1,2019,2,13,1,1,36,3.1,2.8,4,0,0,0
1,2019,2,13,1,2,36,3.1,2.8,4,0,0,0
1,2019,2,13,1,3,36,3.1,2.8,4,0,0,0
1,2019,2,13,2,0,36,3.1,2.8,4,0,0,0
1,2019,2,13,2,1,36,2.7,2.3,4,0,0,0
1,2019,2,13,2,2,36,2.7,2.3,4,0,0,0
1,2019,2,13,2,3,36,2.7,2.3,4,0,0,0
1,2019,2,13,3,0,36,2.7,2.3,4,0,0,0
1,2019,2,13,3,1,36,3.1,1.7,3,0,0,0
1,2019,2,13,3,2,36,3.1,1.7,3,0,0,0
1,2019,2,13,3,3,36,3.1,1.7,3,0,0,0
1,2019,2,13,4,0,36,3.1,1.7,3,0,0,0
1,2019,2,13,4,1,33,2.9,0.9,1,0,0,0
1,2019,2,13,4,2,33,2.9,0.9,1,0,0,0
1,2019,2,13,4,3,33,2.9,0.9,1,0,0,0
1,2019,2,13,5,0,33,2.9,0.9,1,0,0,0
1,2019,2,13,5,1,34,1.8,0.5,1,0,0,0
1,2019,2,13,5,2,34,1.8,0.5,1,0,0,0
1,2019,2,13,5,3,34,1.8,0.5,1,0,0,0
1,2019,2,13,6,0,34,1.8,0.5,1,0,0,0
1,2019,2,13,6,1,44,1.2,-0.9,1,0,0,0
1,2019,2,13,6,2,44,1.2,-0.9,1,0,0,0
1,2019,2,13,6,3,44,1.2,-0.9,1,0,0,0
1,2019,2,13,7,0,44,1.2,-0.9,1,0,0,0
1,2019,2,13,7,1,39,1.2,0.3,1,0,0.06,0
1,2019,2,13,7,2,39,1.2,0.3,1,0,0.06,0.4
1,2019,2,13,7,3,39,1.2,0.3,1,0,0.06,0.8
1,2019,2,13,8,0,39,1.2,0.3,1,0,0.06,1.6
1,2019,2,13,8,1,33,2.6,1.2,1,0,0.54,2.8
1,2019,2,13,8,2,33,2.6,1.2,1,0,0.54,3.6
1,2019,2,13,8,3,33,2.6,1.2,1,0,0.54,4.8
1,2019,2,13,9,0,33,2.6,1.2,1,0,0.54,5.6
1,2019,2,13,9,1,26,2.6,2.6,1,0,1.15,7.2
1,2019,2,13,9,2,26,2.6,2.6,1,0,1.15,8
1,2019,2,13,9,3,26,2.6,2.6,1,0,1.15,9.2
1,2019,2,13,10,0,26,2.6,2.6,1,0,1.15,10.4
1,2019,2,13,10,1,23,4.5,3.4,1,0,1.71,10.8
1,2019,2,13,10,2,23,4.5,3.4,1,0,1.71,12
1,2019,2,13,10,3,23,4.5,3.4,1,0,1.71,12.4
1,2019,2,13,11,0,23,4.5,3.4,1,0,1.71,13.2
1,2019,2,13,11,1,24,3.4,4.2,1,0,2.09,14
1,2019,2,13,11,2,24,3.4,4.2,1,0,2.09,14.8
1,2019,2,13,11,3,24,3.4,4.2,1,0,2.09,14.8
1,2019,2,13,12,0,24,3.4,4.2,1,0,2.09,15.2
1,2019,2,13,12,1,23,5.8,5.1,1,0,2.23,15.2
1,2019,2,13,12,2,23,5.8,5.1,1,0,2.23,15.6
1,2019,2,13,12,3,23,5.8,5.1,1,0,2.23,15.6
1,2019,2,13,13,0,23,5.8,5.1,1,0,2.23,15.6
1,2019,2,13,13,1,22,5.3,5.8,1,0,2.15,14.8
1,2019,2,13,13,2,22,5.3,5.8,1,0,2.15,14.8
1,2019,2,13,13,3,22,5.3,5.8,1,0,2.15,14.8
1,2019,2,13,14,0,22,5.3,5.8,1,0,2.15,14.8
1,2019,2,13,14,1,22,5.7,5.5,1,0,1.92,13.2
1,2019,2,13,14,2,22,5.7,5.5,1,0,1.92,12.8
1,2019,2,13,14,3,22,5.7,5.5,1,0,1.92,12
1,2019,2,13,15,0,22,5.7,5.5,1,0,1.92,10.8
1,2019,2,13,15,1,21,3.3,5.5,1,0,1.36,10
1,2019,2,13,15,2,21,3.3,5.5,1,0,1.36,9.2
1,2019,2,13,15,3,21,3.3,5.5,1,0,1.36,8
1,2019,2,13,16,0,21,3.3,5.5,1,0,1.36,6.8
1,2019,2,13,16,1,21,3.8,5.2,1,0,0.75,5.6
1,2019,2,13,16,2,21,3.8,5.2,1,0,0.75,4
1,2019,2,13,16,3,21,3.8,5.2,1,0,0.75,3.2
1,2019,2,13,17,0,21,3.8,5.2,1,0,0.75,2
1,2019,2,13,17,1,24,4.1,4.3,1,0,0.15,1.2
1,2019,2,13,17,2,24,4.1,4.3,1,0,0.15,0.4
1,2019,2,13,17,3,24,4.1,4.3,1,0,0.15,0.4
1,2019,2,13,18,0,24,4.1,4.3,1,0,0.15,0
1,2019,2,13,18,1,25,4.4,3.4,1,0,0,0
1,2019,2,13,18,2,25,4.4,3.4,1,0,0,0
1,2019,2,13,18,3,25,4.4,3.4,1,0,0,0
1,2019,2,13,19,0,25,4.4,3.4,1,0,0,0
1,2019,2,13,19,1,26,3.9,2.5,4,0,0,0
1,2019,2,13,19,2,26,3.9,2.5,4,0,0,0
1,2019,2,13,19,3,26,3.9,2.5,4,0,0,0
1,2019,2,13,20,0,26,3.9,2.5,4,0,0,0
1,2019,2,13,20,1,25,2.6,2.1,3,0,0,0
1,2019,2,13,20,2,25,2.6,2.1,3,0,0,0
1,2019,2,13,20,3,25,2.6,2.1,3,0,0,0
1,2019,2,13,21,0,25,2.6,2.1,3,0,0,0
1,2019,2,13,21,1,27,1.9,1.6,4,0,0,0
1,2019,2,13,21,2,27,1.9,1.6,4,0,0,0
1,2019,2,13,21,3,27,1.9,1.6,4,0,0,0
1,2019,2,13,22,0,27,1.9,1.6,4,0,0,0
1,2019,2,13,22,1,28,1.6,1.1,4,0,0,0
1,2019,2,13,22,2,28,1.6,1.1,4,0,0,0
1,2019,2,13,22,3,28,1.6,1.1,4,0,0,0
1,2019,2,13,23,0,28,1.6,1.1,4,0,0,0
1,2019,2,13,23,1,28,1.6,1.1,4,0,0,0
1,2019,2,13,23,2,28,1.6,1.1,4,0,0,0
1,2019,2,13,23,3,28,1.6,1.1,4,0,0,0
1,2019,2,14,0,0,28,1.6,1.1,4,0,0,0
1,2019,2,14,0,1,30,2.2,0.6,4,0,0,0
1,2019,2,14,0,2,30,2.2,0.6,4,0,0,0
1,2019,2,14,0,3,30,2.2,0.6,4,0,0,0
1,2019,2,14,1,0,30,2.2,0.6,4,0,0,0
1,2019,2,14,1,1,34,0.8,0.2,4,0,0,0
1,2019,2,14,1,2,34,0.8,0.2,4,0,0,0
1,2019,2,14,1,3,34,0.8,0.2,4,0,0,0
1,2019,2,14,2,0,34,0.8,0.2,4,0,0,0
1,2019,2,14,2,1,32,1.2,0.3,4,0,0,0
1,2019,2,14,2,2,32,1.2,0.3,4,0,0,0
1,2019,2,14,2,3,32,1.2,0.3,4,0,0,0
1,2019,2,14,3,0,32,1.2,0.3,4,0,0,0
1,2019,2,14,3,1,37,0.8,-0.4,4,0,0,0
1,2019,2,14,3,2,37,0.8,-0.4,4,0,0,0
1,2019,2,14,3,3,37,0.8,-0.4,4,0,0,0
1,2019,2,14,4,0,37,0.8,-0.4,4,0,0,0
1,2019,2,14,4,1,40,0.7,-0.7,4,0,0,0
1,2019,2,14,4,2,40,0.7,-0.7,4,0,0,0
1,2019,2,14,4,3,40,0.7,-0.7,4,0,0,0
1,2019,2,14,5,0,40,0.7,-0.7,4,0,0,0
1,2019,2,14,5,1,44,0.8,-1,4,0,0,0
1,2019,2,14,5,2,44,0.8,-1,4,0,0,0
1,2019,2,14,5,3,44,0.8,-1,4,0,0,0
1,2019,2,14,6,0,44,0.8,-1,4,0,0,0
1,2019,2,14,6,1,43,1.1,-1.2,4,0,0,0
1,2019,2,14,6,2,43,1.1,-1.2,4,0,0,0
1,2019,2,14,6,3,43,1.1,-1.2,4,0,0,0
1,2019,2,14,7,0,43,1.1,-1.2,4,0,0,0
1,2019,2,14,7,1,42,0.1,-0.5,4,0,0.05,0
1,2019,2,14,7,2,42,0.1,-0.5,4,0,0.05,0
1,2019,2,14,7,3,42,0.1,-0.5,4,0,0.05,0.8
1,2019,2,14,8,0,42,0.1,-0.5,4,0,0.05,1.2
1,2019,2,14,8,1,38,0.6,0.1,4,0,0.31,1.2
1,2019,2,14,8,2,38,0.6,0.1,4,0,0.31,1.2
1,2019,2,14,8,3,38,0.6,0.1,4,0,0.31,2.4
1,2019,2,14,9,0,38,0.6,0.1,4,0,0.31,2.4
1,2019,2,14,9,1,34,0.5,1.8,4,0,0.74,3.6
1,2019,2,14,9,2,34,0.5,1.8,4,0,0.74,3.2
1,2019,2,14,9,3,34,0.5,1.8,4,0,0.74,5.2
1,2019,2,14,10,0,34,0.5,1.8,4,0,0.74,6.4
1,2019,2,14,10,1,34,0.3,2.3,4,0,0.85,4
1,2019,2,14,10,2,34,0.3,2.3,4,0,0.85,3.2
1,2019,2,14,10,3,34,0.3,2.3,4,0,0.85,3.2
1,2019,2,14,11,0,34,0.3,2.3,4,0,0.85,4.8
1,2019,2,14,11,1,50,4.1,3.3,4,0,1.36,5.2
1,2019,2,14,11,2,50,4.1,3.3,4,0,1.36,11.6
1,2019,2,14,11,3,50,4.1,3.3,4,0,1.36,12.8
1,2019,2,14,12,0,50,4.1,3.3,4,0,1.36,11.6
1,2019,2,14,12,1,50,4.1,4.5,4,0,2.1,15.2
1,2019,2,14,12,2,50,4.1,4.5,4,0,2.1,15.6
1,2019,2,14,12,3,50,4.1,4.5,4,0,2.1,12.8
1,2019,2,14,13,0,50,4.1,4.5,4,0,2.1,8.4
1,2019,2,14,13,1,51,4.1,5.3,3,0,1.75,10
1,2019,2,14,13,2,51,4.1,5.3,3,0,1.75,12.4
1,2019,2,14,13,3,51,4.1,5.3,3,0,1.75,13.2
1,2019,2,14,14,0,51,4.1,5.3,3,0,1.75,11.6
1,2019,2,14,14,1,49,3.5,6,3,0,1.84,9.2
1,2019,2,14,14,2,49,3.5,6,3,0,1.84,10.4
1,2019,2,14,14,3,49,3.5,6,3,0,1.84,13.2
1,2019,2,14,15,0,49,3.5,6,3,0,1.84,5.2
1,2019,2,14,15,1,53,3.7,5.6,3,0,0.79,3.6
1,2019,2,14,15,2,53,3.7,5.6,3,0,0.79,3.6
1,2019,2,14,15,3,53,3.7,5.6,3,0,0.79,2.4
1,2019,2,14,16,0,53,3.7,5.6,3,0,0.79,2
1,2019,2,14,16,1,54,3.8,5.1,2,0,0.43,2
1,2019,2,14,16,2,54,3.8,5.1,2,0,0.43,2.4
1,2019,2,14,16,3,54,3.8,5.1,2,0,0.43,2.4
1,2019,2,14,17,0,54,3.8,5.1,2,0,0.43,2.8
1,2019,2,14,17,1,61,4.3,4,1,0,0.21,1.6
1,2019,2,14,17,2,61,4.3,4,1,0,0.21,0.8
1,2019,2,14,17,3,61,4.3,4,1,0,0.21,0
1,2019,2,14,18,0,61,4.3,4,1,0,0.21,0
1,2019,2,14,18,1,66,4.2,3.2,1,0,0,0
1,2019,2,14,18,2,66,4.2,3.2,1,0,0,0
1,2019,2,14,18,3,66,4.2,3.2,1,0,0,0
1,2019,2,14,19,0,66,4.2,3.2,1,0,0,0
1,2019,2,14,19,1,67,4.1,2.9,1,0,0,0
1,2019,2,14,19,2,67,4.1,2.9,1,0,0,0
1,2019,2,14,19,3,67,4.1,2.9,1,0,0,0
1,2019,2,14,20,0,67,4.1,2.9,1,0,0,0
1,2019,2,14,20,1,68,2.2,2.5,2,0,0,0
1,2019,2,14,20,2,68,2.2,2.5,2,0,0,0
1,2019,2,14,20,3,68,2.2,2.5,2,0,0,0
1,2019,2,14,21,0,68,2.2,2.5,2,0,0,0
1,2019,2,14,21,1,72,1.8,1.8,3,0,0,0
1,2019,2,14,21,2,72,1.8,1.8,3,0,0,0
1,2019,2,14,21,3,72,1.8,1.8,3,0,0,0
1,2019,2,14,22,0,72,1.8,1.8,3,0,0,0
1,2019,2,14,22,1,74,1.6,1.5,3,0,0,0
1,2019,2,14,22,2,74,1.6,1.5,3,0,0,0
1,2019,2,14,22,3,74,1.6,1.5,3,0,0,0
1,2019,2,14,23,0,74,1.6,1.5,3,0,0,0
1,2019,2,14,23,1,74,1.6,1.5,3,0,0,0
1,2019,2,14,23,2,74,1.6,1.5,3,0,0,0
1,2019,2,14,23,3,74,1.6,1.5,3,0,0,0
1,2019,2,15,0,0,74,1.6,1.5,3,0,0,0
1,2019,2,15,0,1,76,1,1.2,4,0,0,0
1,2019,2,15,0,2,76,1,1.2,4,0,0,0
1,2019,2,15,0,3,76,1,1.2,4,0,0,0
1,2019,2,15,1,0,76,1,1.2,4,0,0,0
1,2019,2,15,1,1,79,1,0.7,4,0,0,0
1,2019,2,15,1,2,79,1,0.7,4,0,0,0
1,2019,2,15,1,3,79,1,0.7,4,0,0,0
1,2019,2,15,2,0,79,1,0.7,4,0,0,0
1,2019,2,15,2,1,77,0.1,0.9,4,0,0,0
1,2019,2,15,2,2,77,0.1,0.9,4,0,0,0
1,2019,2,15,2,3,77,0.1,0.9,4,0,0,0
1,2019,2,15,3,0,77,0.1,0.9,4,0,0,0
1,2019,2,15,3,1,77,0.9,1,4,0,0,0
1,2019,2,15,3,2,77,0.9,1,4,0,0,0
1,2019,2,15,3,3,77,0.9,1,4,0,0,0
1,2019,2,15,4,0,77,0.9,1,4,0,0,0
1,2019,2,15,4,1,80,0.8,0.7,4,0,0,0
1,2019,2,15,4,2,80,0.8,0.7,4,0,0,0
1,2019,2,15,4,3,80,0.8,0.7,4,0,0,0
1,2019,2,15,5,0,80,0.8,0.7,4,0,0,0
1,2019,2,15,5,1,77,0.1,1.3,4,0,0,0
1,2019,2,15,5,2,77,0.1,1.3,4,0,0,0
1,2019,2,15,5,3,77,0.1,1.3,4,0,0,0
1,2019,2,15,6,0,77,0.1,1.3,4,0,0,0
1,2019,2,15,6,1,77,1.6,1.3,4,0,0,0
1,2019,2,15,6,2,77,1.6,1.3,4,0,0,0
1,2019,2,15,6,3,77,1.6,1.3,4,0,0,0
1,2019,2,15,7,0,77,1.6,1.3,4,0,0,0
1,2019,2,15,7,1,76,1.3,1.4,4,0,0,0
1,2019,2,15,7,2,76,1.3,1.4,4,0,0,0
1,2019,2,15,7,3,76,1.3,1.4,4,0,0,0
1,2019,2,15,8,0,76,1.3,1.4,4,0,0,0.4
1,2019,2,15,8,1,74,0.3,1.9,4,0,0.14,0.4
1,2019,2,15,8,2,74,0.3,1.9,4,0,0.14,0.4
1,2019,2,15,8,3,74,0.3,1.9,4,0,0.14,1.2
1,2019,2,15,9,0,74,0.3,1.9,4,0,0.14,1.2
1,2019,2,15,9,1,69,0.6,3,4,0,0.35,1.2
1,2019,2,15,9,2,69,0.6,3,4,0,0.35,2
1,2019,2,15,9,3,69,0.6,3,4,0,0.35,2
1,2019,2,15,10,0,69,0.6,3,4,0,0.35,2.4
1,2019,2,15,10,1,64,2.5,4.4,4,0,0.72,3.2
1,2019,2,15,10,2,64,2.5,4.4,4,0,0.72,4
1,2019,2,15,10,3,64,2.5,4.4,4,0,0.72,5.2
1,2019,2,15,11,0,64,2.5,4.4,4,0,0.72,6
1,2019,2,15,11,1,56,2.8,6.1,3,0,1.53,8.4
1,2019,2,15,11,2,56,2.8,6.1,3,0,1.53,11.6
1,2019,2,15,11,3,56,2.8,6.1,3,0,1.53,10.8
1,2019,2,15,12,0,56,2.8,6.1,3,0,1.53,12
1,2019,2,15,12,1,45,3.3,7.6,3,0,1.97,10.4
1,2019,2,15,12,2,45,3.3,7.6,3,0,1.97,16
1,2019,2,15,12,3,45,3.3,7.6,3,0,1.97,13.6
1,2019,2,15,13,0,45,3.3,7.6,3,0,1.97,15.2
1,2019,2,15,13,1,25,3.5,9.7,3,0,2.23,15.6
1,2019,2,15,13,2,25,3.5,9.7,3,0,2.23,14
1,2019,2,15,13,3,25,3.5,9.7,3,0,2.23,14
1,2019,2,15,14,0,25,3.5,9.7,3,0,2.23,14
1,2019,2,15,14,1,24,4,8.8,3,0,1.83,13.2
1,2019,2,15,14,2,24,4,8.8,3,0,1.83,11.6
1,2019,2,15,14,3,24,4,8.8,3,0,1.83,9.2
1,2019,2,15,15,0,24,4,8.8,3,0,1.83,9.2
1,2019,2,15,15,1,26,3.9,8,3,0,1,6.4
1,2019,2,15,15,2,26,3.9,8,3,0,1,4
1,2019,2,15,15,3,26,3.9,8,3,0,1,4.4
1,2019,2,15,16,0,26,3.9,8,3,0,1,3.2
1,2019,2,15,16,1,30,3.7,7,3,0,0.49,2.8
1,2019,2,15,16,2,30,3.7,7,3,0,0.49,2.8
1,2019,2,15,16,3,30,3.7,7,3,0,0.49,2.4
1,2019,2,15,17,0,30,3.7,7,3,0,0.49,1.2
1,2019,2,15,17,1,31,2.5,6.4,2,0,0.15,1.2
1,2019,2,15,17,2,31,2.5,6.4,2,0,0.15,0.8
1,2019,2,15,17,3,31,2.5,6.4,2,0,0.15,0
1,2019,2,15,18,0,31,2.5,6.4,2,0,0.15,0
1,2019,2,15,18,1,40,4,4.5,2,0,0,0
1,2019,2,15,18,2,40,4,4.5,2,0,0,0
1,2019,2,15,18,3,40,4,4.5,2,0,0,0
1,2019,2,15,19,0,40,4,4.5,2,0,0,0
1,2019,2,15,19,1,43,3.9,3.7,3,0,0,0
1,2019,2,15,19,2,43,3.9,3.7,3,0,0,0
1,2019,2,15,19,3,43,3.9,3.7,3,0,0,0
1,2019,2,15,20,0,43,3.9,3.7,3,0,0,0
1,2019,2,15,20,1,46,3.1,4.2,4,0,0,0
1,2019,2,15,20,2,46,3.1,4.2,4,0,0,0
1,2019,2,15,20,3,46,3.1,4.2,4,0,0,0
1,2019,2,15,21,0,46,3.1,4.2,4,0,0,0
1,2019,2,15,21,1,49,4,4.2,4,0,0,0
1,2019,2,15,21,2,49,4,4.2,4,0,0,0
1,2019,2,15,21,3,49,4,4.2,4,0,0,0
1,2019,2,15,22,0,49,4,4.2,4,0,0,0
1,2019,2,15,22,1,52,3.3,3.8,4,0,0,0
1,2019,2,15,22,2,52,3.3,3.8,4,0,0,0
1,2019,2,15,22,3,52,3.3,3.8,4,0,0,0
1,2019,2,15,23,0,52,3.3,3.8,4,0,0,0
1,2019,2,15,23,1,52,3.3,3.8,4,0,0,0
1,2019,2,15,23,2,52,3.3,3.8,4,0,0,0
1,2019,2,15,23,3,52,3.3,3.8,4,0,0,0
1,2019,2,16,0,0,52,3.3,3.8,4,0,0,0
1,2019,2,16,0,1,50,2.9,2.6,3,0,0,0
1,2019,2,16,0,2,50,2.9,2.6,3,0,0,0
1,2019,2,16,0,3,50,2.9,2.6,3,0,0,0
1,2019,2,16,1,0,50,2.9,2.6,3,0,0,0
1,2019,2,16,1,1,54,2.8,2.2,4,0,0,0
1,2019,2,16,1,2,54,2.8,2.2,4,0,0,0
1,2019,2,16,1,3,54,2.8,2.2,4,0,0,0
1,2019,2,16,2,0,54,2.8,2.2,4,0,0,0
1,2019,2,16,2,1,52,3.3,1.8,3,0,0,0
1,2019,2,16,2,2,52,3.3,1.8,3,0,0,0
1,2019,2,16,2,3,52,3.3,1.8,3,0,0,0
1,2019,2,16,3,0,52,3.3,1.8,3,0,0,0
1,2019,2,16,3,1,45,4.7,1.4,3,0,0,0
1,2019,2,16,3,2,45,4.7,1.4,3,0,0,0
1,2019,2,16,3,3,45,4.7,1.4,3,0,0,0
1,2019,2,16,4,0,45,4.7,1.4,3,0,0,0
1,2019,2,16,4,1,51,3.6,1.1,4,0,0,0
1,2019,2,16,4,2,51,3.6,1.1,4,0,0,0
1,2019,2,16,4,3,51,3.6,1.1,4,0,0,0
1,2019,2,16,5,0,51,3.6,1.1,4,0,0,0
1,2019,2,16,5,1,51,3.5,0.7,4,0,0,0
1,2019,2,16,5,2,51,3.5,0.7,4,0,0,0
1,2019,2,16,5,3,51,3.5,0.7,4,0,0,0
1,2019,2,16,6,0,51,3.5,0.7,4,0,0,0
1,2019,2,16,6,1,50,3.8,0.4,4,0,0,0
1,2019,2,16,6,2,50,3.8,0.4,4,0,0,0
1,2019,2,16,6,3,50,3.8,0.4,4,0,0,0
1,2019,2,16,7,0,50,3.8,0.4,4,0,0,0
1,2019,2,16,7,1,49,2.9,0.3,3,0,0.07,0
1,2019,2,16,7,2,49,2.9,0.3,3,0,0.07,0.4
1,2019,2,16,7,3,49,2.9,0.3,3,0,0.07,0.8
1,2019,2,16,8,0,49,2.9,0.3,3,0,0.07,1.6
1,2019,2,16,8,1,60,3.1,0.3,2,0,0.54,2.4
1,2019,2,16,8,2,60,3.1,0.3,2,0,0.54,2.8
1,2019,2,16,8,3,60,3.1,0.3,2,0,0.54,5.2
1,2019,2,16,9,0,60,3.1,0.3,2,0,0.54,5.6
1,2019,2,16,9,1,58,4,-0.1,2,0,0.64,3.2
1,2019,2,16,9,2,58,4,-0.1,2,0,0.64,2
1,2019,2,16,9,3,58,4,-0.1,2,0,0.64,5.6
1,2019,2,16,10,0,58,4,-0.1,2,0,0.64,7.6
1,2019,2,16,10,1,53,4.3,0.9,3,0,1.55,12.8
1,2019,2,16,10,2,53,4.3,0.9,3,0,1.55,8
1,2019,2,16,10,3,53,4.3,0.9,3,0,1.55,8.8
1,2019,2,16,11,0,53,4.3,0.9,3,0,1.55,8.8
1,2019,2,16,11,1,45,3.8,1.6,3,0,1.51,4
1,2019,2,16,11,2,45,3.8,1.6,3,0,1.51,12.4
1,2019,2,16,11,3,45,3.8,1.6,3,0,1.51,14
1,2019,2,16,12,0,45,3.8,1.6,3,0,1.51,5.2
1,2019,2,16,12,1,40,3.6,3.1,3,0,1.92,11.6
1,2019,2,16,12,2,40,3.6,3.1,3,0,1.92,14.8
1,2019,2,16,12,3,40,3.6,3.1,3,0,1.92,16
1,2019,2,16,13,0,40,3.6,3.1,3,0,1.92,14.8
1,2019,2,16,13,1,37,5.7,2.4,2,0,2.47,16.4
1,2019,2,16,13,2,37,5.7,2.4,2,0,2.47,15.6
1,2019,2,16,13,3,37,5.7,2.4,2,0,2.47,15.6
1,2019,2,16,14,0,37,5.7,2.4,2,0,2.47,14.4
1,2019,2,16,14,1,35,4.6,2.9,1,0,2.02,14
1,2019,2,16,14,2,35,4.6,2.9,1,0,2.02,13.2
1,2019,2,16,14,3,35,4.6,2.9,1,0,2.02,12.4
1,2019,2,16,15,0,35,4.6,2.9,1,0,2.02,12
1,2019,2,16,15,1,34,4.9,3.3,1,0,1.49,10.4
1,2019,2,16,15,2,34,4.9,3.3,1,0,1.49,10
1,2019,2,16,15,3,34,4.9,3.3,1,0,1.49,8.8
1,2019,2,16,16,0,34,4.9,3.3,1,0,1.49,7.6
1,2019,2,16,16,1,34,4.4,2.2,1,0,0.84,6
1,2019,2,16,16,2,34,4.4,2.2,1,0,0.84,4.8
1,2019,2,16,16,3,34,4.4,2.2,1,0,0.84,4
1,2019,2,16,17,0,34,4.4,2.2,1,0,0.84,2.4
1,2019,2,16,17,1,36,3.1,1.7,2,0,0.18,0.8
1,2019,2,16,17,2,36,3.1,1.7,2,0,0.18,0.8
1,2019,2,16,17,3,36,3.1,1.7,2,0,0.18,0
1,2019,2,16,18,0,36,3.1,1.7,2,0,0.18,0
1,2019,2,16,18,1,38,3.8,1.2,1,0,0,0
1,2019,2,16,18,2,38,3.8,1.2,1,0,0,0
1,2019,2,16,18,3,38,3.8,1.2,1,0,0,0
1,2019,2,16,19,0,38,3.8,1.2,1,0,0,0
1,2019,2,16,19,1,40,3.7,0.5,2,0,0,0
1,2019,2,16,19,2,40,3.7,0.5,2,0,0,0
1,2019,2,16,19,3,40,3.7,0.5,2,0,0,0
1,2019,2,16,20,0,40,3.7,0.5,2,0,0,0
1,2019,2,16,20,1,42,2.9,0.1,3,0,0,0
1,2019,2,16,20,2,42,2.9,0.1,3,0,0,0
1,2019,2,16,20,3,42,2.9,0.1,3,0,0,0
1,2019,2,16,21,0,42,2.9,0.1,3,0,0,0
1,2019,2,16,21,1,42,2.3,-0.4,3,0,0,0
1,2019,2,16,21,2,42,2.3,-0.4,3,0,0,0
1,2019,2,16,21,3,42,2.3,-0.4,3,0,0,0
1,2019,2,16,22,0,42,2.3,-0.4,3,0,0,0
1,2019,2,16,22,1,43,2.3,-0.7,3,0,0,0
1,2019,2,16,22,2,43,2.3,-0.7,3,0,0,0
1,2019,2,16,22,3,43,2.3,-0.7,3,0,0,0
1,2019,2,16,23,0,43,2.3,-0.7,3,0,0,0
1,2019,2,16,23,1,43,2.3,-0.7,3,0,0,0
1,2019,2,16,23,2,43,2.3,-0.7,3,0,0,0
1,2019,2,16,23,3,43,2.3,-0.7,3,0,0,0
1,2019,2,17,0,0,43,2.3,-0.7,3,0,0,0
1,2019,2,17,0,1,49,2.2,-1.7,4,0,0,0
1,2019,2,17,0,2,49,2.2,-1.7,4,0,0,0
1,2019,2,17,0,3,49,2.2,-1.7,4,0,0,0
1,2019,2,17,1,0,49,2.2,-1.7,4,0,0,0
1,2019,2,17,1,1,50,2.8,-2,4,0,0,0
1,2019,2,17,1,2,50,2.8,-2,4,0,0,0
1,2019,2,17,1,3,50,2.8,-2,4,0,0,0
1,2019,2,17,2,0,50,2.8,-2,4,0,0,0
1,2019,2,17,2,1,50,2.4,-2.3,2,0,0,0
1,2019,2,17,2,2,50,2.4,-2.3,2,0,0,0
1,2019,2,17,2,3,50,2.4,-2.3,2,0,0,0
1,2019,2,17,3,0,50,2.4,-2.3,2,0,0,0
1,2019,2,17,3,1,53,2.7,-2.8,2,0,0,0
1,2019,2,17,3,2,53,2.7,-2.8,2,0,0,0
1,2019,2,17,3,3,53,2.7,-2.8,2,0,0,0
1,2019,2,17,4,0,53,2.7,-2.8,2,0,0,0
1,2019,2,17,4,1,54,2.6,-2.9,2,0,0,0
1,2019,2,17,4,2,54,2.6,-2.9,2,0,0,0
1,2019,2,17,4,3,54,2.6,-2.9,2,0,0,0
1,2019,2,17,5,0,54,2.6,-2.9,2,0,0,0
1,2019,2,17,5,1,54,2.8,-2.8,2,0,0,0
1,2019,2,17,5,2,54,2.8,-2.8,2,0,0,0
1,2019,2,17,5,3,54,2.8,-2.8,2,0,0,0
1,2019,2,17,6,0,54,2.8,-2.8,2,0,0,0
1,2019,2,17,6,1,50,3.1,-3,1,0,0,0
1,2019,2,17,6,2,50,3.1,-3,1,0,0,0
1,2019,2,17,6,3,50,3.1,-3,1,0,0,0
1,2019,2,17,7,0,50,3.1,-3,1,0,0,0
1,2019,2,17,7,1,48,3.9,-2.7,2,0,0.11,0
1,2019,2,17,7,2,48,3.9,-2.7,2,0,0.11,0.4
1,2019,2,17,7,3,48,3.9,-2.7,2,0,0.11,0.8
1,2019,2,17,8,0,48,3.9,-2.7,2,0,0.11,2.4
1,2019,2,17,8,1,40,3.6,-1.7,1,0,0.73,4
1,2019,2,17,8,2,40,3.6,-1.7,1,0,0.73,5.6
1,2019,2,17,8,3,40,3.6,-1.7,1,0,0.73,6.8
1,2019,2,17,9,0,40,3.6,-1.7,1,0,0.73,8
1,2019,2,17,9,1,34,3.6,-0.4,1,0,1.48,9.2
1,2019,2,17,9,2,34,3.6,-0.4,1,0,1.48,10.4
1,2019,2,17,9,3,34,3.6,-0.4,1,0,1.48,11.6
1,2019,2,17,10,0,34,3.6,-0.4,1,0,1.48,12.8
1,2019,2,17,10,1,30,3.9,1.4,1,0,2.04,13.6
1,2019,2,17,10,2,30,3.9,1.4,1,0,2.04,14.4
1,2019,2,17,10,3,30,3.9,1.4,1,0,2.04,15.2
1,2019,2,17,11,0,30,3.9,1.4,1,0,2.04,15.6
1,2019,2,17,11,1,26,3.2,2.9,1,0,2.43,16
1,2019,2,17,11,2,26,3.2,2.9,1,0,2.43,16.8
1,2019,2,17,11,3,26,3.2,2.9,1,0,2.43,16.8
1,2019,2,17,12,0,26,3.2,2.9,1,0,2.43,17.2
1,2019,2,17,12,1,20,4,4.8,1,0,2.58,17.6
1,2019,2,17,12,2,20,4,4.8,1,0,2.58,17.6
1,2019,2,17,12,3,20,4,4.8,1,0,2.58,17.6
1,2019,2,17,13,0,20,4,4.8,1,0,2.58,18
1,2019,2,17,13,1,18,4.6,6,1,0,2.52,17.6
1,2019,2,17,13,2,18,4.6,6,1,0,2.52,17.2
1,2019,2,17,13,3,18,4.6,6,1,0,2.52,16.8
1,2019,2,17,14,0,18,4.6,6,1,0,2.52,16.4
1,2019,2,17,14,1,15,5,6.6,1,0,2.2,15.6
1,2019,2,17,14,2,15,5,6.6,1,0,2.2,14.8
1,2019,2,17,14,3,15,5,6.6,1,0,2.2,14
1,2019,2,17,15,0,15,5,6.6,1,0,2.2,13.2
1,2019,2,17,15,1,15,4.1,7.1,1,0,1.67,12.4
1,2019,2,17,15,2,15,4.1,7.1,1,0,1.67,11.6
1,2019,2,17,15,3,15,4.1,7.1,1,0,1.67,10
1,2019,2,17,16,0,15,4.1,7.1,1,0,1.67,9.2
1,2019,2,17,16,1,15,3.7,6.7,1,0,0.98,7.6
1,2019,2,17,16,2,15,3.7,6.7,1,0,0.98,6
1,2019,2,17,16,3,15,3.7,6.7,1,0,0.98,4.8
1,2019,2,17,17,0,15,3.7,6.7,1,0,0.98,3.6
1,2019,2,17,17,1,18,4,5.9,1,0,0.26,2.4
1,2019,2,17,17,2,18,4,5.9,1,0,0.26,1.2
1,2019,2,17,17,3,18,4,5.9,1,0,0.26,0.4
1,2019,2,17,18,0,18,4,5.9,1,0,0.26,0
1,2019,2,17,18,1,20,3.9,4.9,1,0,0,0
1,2019,2,17,18,2,20,3.9,4.9,1,0,0,0
1,2019,2,17,18,3,20,3.9,4.9,1,0,0,0
1,2019,2,17,19,0,20,3.9,4.9,1,0,0,0
1,2019,2,17,19,1,22,3,4.2,2,0,0,0
1,2019,2,17,19,2,22,3,4.2,2,0,0,0
1,2019,2,17,19,3,22,3,4.2,2,0,0,0
1,2019,2,17,20,0,22,3,4.2,2,0,0,0
1,2019,2,17,20,1,22,3.6,3.7,1,0,0,0
1,2019,2,17,20,2,22,3.6,3.7,1,0,0,0
1,2019,2,17,20,3,22,3.6,3.7,1,0,0,0
1,2019,2,17,21,0,22,3.6,3.7,1,0,0,0
1,2019,2,17,21,1,23,2.9,3.1,1,0,0,0
1,2019,2,17,21,2,23,2.9,3.1,1,0,0,0
1,2019,2,17,21,3,23,2.9,3.1,1,0,0,0
1,2019,2,17,22,0,23,2.9,3.1,1,0,0,0
1,2019,2,17,22,1,31,2,1.3,3,0,0,0
1,2019,2,17,22,2,31,2,1.3,3,0,0,0
1,2019,2,17,22,3,31,2,1.3,3,0,0,0
1,2019,2,17,23,0,31,2,1.3,3,0,0,0
1,2019,2,17,23,1,31,2,1.3,3,0,0,0
1,2019,2,17,23,2,31,2,1.3,3,0,0,0
1,2019,2,17,23,3,31,2,1.3,3,0,0,0
